job_id,trade_index,entry_date,exit_date,direction,status,duration,symbol,side,qty,entry_price,exit_price,gross_entry,gross_exit,pnl,costs,net_profit,running_equity
BTC-USD+SI=F / XRP-USD+SOL-USD,1,2021-06-16,2021-07-19,up,expired,22,BTC-USD,BUY,1.3036852562044354,38347.0625,30817.83203125,99985.0,85360.62238440657,-14624.377615593436,27.80184335766098,-14652.179458951097,85347.8205410489
BTC-USD+SI=F / XRP-USD+SOL-USD,1,2021-06-16,2021-07-19,up,expired,22,SI=F,BUY,1798.291416258542,27.799999237060547,25.125999450683594,99985.0,85360.62238440657,-14624.377615593436,27.80184335766098,-14652.179458951097,85347.8205410489
BTC-USD+SI=F / XRP-USD+SOL-USD,2,2021-07-19,2021-08-16,down,expired,20,XRP-USD,BUY,76525.96346341711,0.5575559735298157,1.1909929513931274,85335.01611830526,200103.09991287638,114768.08379457111,42.815717404677244,114725.26807716643,200073.08861821535
BTC-USD+SI=F / XRP-USD+SOL-USD,2,2021-07-19,2021-08-16,down,expired,20,SOL-USD,BUY,1745.2653443711772,24.44757652282715,62.432464599609375,85335.01611830526,200103.09991287638,114768.08379457111,42.815717404677244,114725.26807716643,200073.08861821535
BTC-USD+SI=F / XRP-USD+SOL-USD,3,2021-08-16,2022-01-07,up,expired,101,BTC-USD,BUY,2.174169281570415,46004.484375,41557.90234375,200043.07348522227,184545.76241531133,-15497.311069910937,57.688325385080034,-15554.999395296018,184518.08922291934
BTC-USD+SI=F / XRP-USD+SOL-USD,3,2021-08-16,2022-01-07,up,expired,101,SI=F,BUY,4206.120010702175,23.780000686645508,22.393999099731445,200043.07348522227,184545.76241531133,-15497.311069910937,57.688325385080034,-15554.999395296018,184518.08922291934
BTC-USD+SI=F / XRP-USD+SOL-USD,4,2022-01-07,2022-03-30,down,expired,56,XRP-USD,BUY,120886.31474726195,0.7630739808082581,0.8608139753341675,184490.4028388664,185686.13104101762,1195.728202151211,55.5264800819826,1140.2017220692285,185658.29094498858
BTC-USD+SI=F / XRP-USD+SOL-USD,4,2022-01-07,2022-03-30,down,expired,56,SOL-USD,BUY,676.2705023409535,136.40281677246094,120.6994857788086,184490.4028388664,185686.13104101762,1195.728202151211,55.5264800819826,1140.2017220692285,185658.29094498858
BTC-USD+SI=F / XRP-USD+SOL-USD,5,2022-03-30,2022-05-09,up,expired,27,BTC-USD,BUY,1.9721623613691202,47062.6640625,30296.953125,185630.42937964326,140286.73802125806,-45343.69135838519,48.88757511013519,-45392.57893349532,140265.71201149325
BTC-USD+SI=F / XRP-USD+SOL-USD,5,2022-03-30,2022-05-09,up,expired,27,SI=F,BUY,3697.3753065485357,25.10300064086914,21.781999588012695,185630.42937964326,140286.73802125806,-45343.69135838519,48.88757511013519,-45392.57893349532,140265.71201149325
BTC-USD+SI=F / XRP-USD+SOL-USD,6,2022-05-09,2022-07-18,down,expired,47,XRP-USD,BUY,142253.2688543073,0.4929400086402893,0.3661769926548004,140244.65515630328,100574.13642768498,-39670.51872861831,36.12281873759824,-39706.64154735592,100559.07046413733
BTC-USD+SI=F / XRP-USD+SOL-USD,6,2022-05-09,2022-07-18,down,expired,47,SOL-USD,BUY,1108.3090217540218,63.2696533203125,43.746158599853516,140244.65515630328,100574.13642768498,-39670.51872861831,36.12281873759824,-39706.64154735592,100559.07046413733
BTC-USD+SI=F / XRP-USD+SOL-USD,7,2022-07-18,2022-08-24,up,expired,27,BTC-USD,BUY,2.235732345660885,22485.689453125,21395.01953125,100543.96644967474,98383.75419604569,-2160.2122536290553,29.839158096858064,-2190.051411725913,98369.01905241142
BTC-USD+SI=F / XRP-USD+SOL-USD,7,2022-07-18,2022-08-24,up,expired,27,SI=F,BUY,2675.322348204197,18.791000366210938,18.895000457763672,100543.96644967474,98383.75419604569,-2160.2122536290553,29.839158096858064,-2190.051411725913,98369.01905241142
BTC-USD+SI=F / XRP-USD+SOL-USD,8,2022-08-24,2023-01-17,down,expired,99,XRP-USD,BUY,142070.86645362718,0.34614500403404236,0.3877109885215759,98354.24128342135,87274.63980728528,-11079.601476136068,27.84433216360599,-11107.445808299673,87261.57324411174
BTC-USD+SI=F / XRP-USD+SOL-USD,8,2022-08-24,2023-01-17,down,expired,99,SOL-USD,BUY,1406.7520579969596,34.957916259765625,22.884063720703125,98354.24128342135,87274.63980728528,-11079.601476136068,27.84433216360599,-11107.445808299673,87261.57324411174
BTC-USD+SI=F / XRP-USD+SOL-USD,9,2023-01-17,2023-03-08,up,expired,35,BTC-USD,BUY,2.0614885252020643,21161.51953125,21718.080078125,87248.45937902249,81219.22862679767,-6029.230752224806,25.270153200873025,-6054.500905425679,81207.07233868606
BTC-USD+SI=F / XRP-USD+SOL-USD,9,2023-01-17,2023-03-08,up,expired,35,SI=F,BUY,1821.927382421682,23.944000244140625,20.0049991607666,87248.45937902249,81219.22862679767,-6029.230752224806,25.270153200873025,-6054.500905425679,81207.07233868606
BTC-USD+SI=F / XRP-USD+SOL-USD,10,2023-03-08,2023-07-13,down,expired,87,XRP-USD,BUY,104313.16797295476,0.3891879916191101,0.8153650164604187,81194.86468564229,142409.87341087806,61215.00872523578,33.54071071447805,61181.4680145213,142388.54035320735
BTC-USD+SI=F / XRP-USD+SOL-USD,10,2023-03-08,2023-07-13,down,expired,87,SOL-USD,BUY,2203.8436908130475,18.421194076538086,26.02569580078125,81194.86468564229,142409.87341087806,61215.00872523578,33.54071071447805,61181.4680145213,142388.54035320735
BTC-USD+SI=F / XRP-USD+SOL-USD,11,2023-07-13,2023-09-11,up,expired,41,BTC-USD,BUY,2.2615156436958297,31476.048828125,25162.654296875,142367.15365307694,123304.08275797177,-19063.07089510517,39.85068546165731,-19102.92158056683,123285.61877264053
BTC-USD+SI=F / XRP-USD+SOL-USD,11,2023-07-13,2023-09-11,up,expired,41,SI=F,BUY,2874.013962983682,24.76799964904785,23.10300064086914,142367.15365307694,123304.08275797177,-19063.07089510517,39.85068546165731,-19102.92158056683,123285.61877264053
BTC-USD+SI=F / XRP-USD+SOL-USD,12,2023-09-11,2023-10-02,down,expired,15,XRP-USD,BUY,129926.06601532712,0.474373996257782,0.51283198595047,123267.09430748624,147833.65250893607,24566.558201449818,40.66511202246335,24525.893089427354,147811.51186206788
BTC-USD+SI=F / XRP-USD+SOL-USD,12,2023-09-11,2023-10-02,down,expired,15,SOL-USD,BUY,3474.4331414004932,17.739166259765625,23.371700286865234,123267.09430748624,147833.65250893607,24566.558201449818,40.66511202246335,24525.893089427354,147811.51186206788
BTC-USD+SI=F / XRP-USD+SOL-USD,13,2023-10-02,2024-02-22,up,expired,98,BTC-USD,BUY,2.684073572560092,27530.78515625,51304.97265625,147789.30573944058,216988.61433899845,69199.30859955789,54.71668801176585,69144.59191154611,216956.10377361398
BTC-USD+SI=F / XRP-USD+SOL-USD,13,2023-10-02,2024-02-22,up,expired,98,SI=F,BUY,3482.639807470869,21.218000411987305,22.764999389648438,147789.30573944058,216988.61433899845,69199.30859955789,54.71668801176585,69144.59191154611,216956.10377361398
BTC-USD+SI=F / XRP-USD+SOL-USD,14,2024-02-22,2024-03-14,down,expired,15,XRP-USD,BUY,200515.7224675509,0.540913999080658,0.669966995716095,216923.5226369406,322821.6139898163,105898.0913528757,80.96177049401352,105817.12958238168,322773.2333559957
BTC-USD+SI=F / XRP-USD+SOL-USD,14,2024-02-22,2024-03-14,down,expired,15,SOL-USD,BUY,1066.8042001253136,101.66979217529297,176.67974853515625,216923.5226369406,322821.6139898163,105898.0913528757,80.96177049401352,105817.12958238168,322773.2333559957
BTC-USD+SI=F / XRP-USD+SOL-USD,15,2024-03-14,2024-04-16,up,expired,22,BTC-USD,BUY,2.2600852352925145,71396.59375,63811.86328125,322724.77476910566,327924.524102867,5199.749333761294,97.59739483079588,5102.1519389304985,327875.3852949262
BTC-USD+SI=F / XRP-USD+SOL-USD,15,2024-03-14,2024-04-16,up,expired,22,SI=F,BUY,6487.190794445304,24.874000549316406,28.31800079345703,322724.77476910566,327924.524102867,5199.749333761294,97.59739483079588,5102.1519389304985,327875.3852949262
BTC-USD+SI=F / XRP-USD+SOL-USD,16,2024-04-16,2024-05-20,down,expired,24,XRP-USD,BUY,330007.49584755924,0.49669501185417175,0.5373330116271973,327826.15412393794,401665.7088321415,73839.55470820356,109.4237794434119,73730.13092876015,401605.51622368634
BTC-USD+SI=F / XRP-USD+SOL-USD,16,2024-04-16,2024-05-20,down,expired,24,SOL-USD,BUY,1202.7728651007108,136.27932739257812,186.52049255371094,327826.15412393794,401665.7088321415,73839.55470820356,109.4237794434119,73730.13092876015,401605.51622368634
BTC-USD+SI=F / XRP-USD+SOL-USD,17,2024-05-20,2024-06-10,up,expired,14,BTC-USD,BUY,2.8100445112762644,71448.1953125,69512.28125,401545.2181569703,380918.6711244155,-20626.54703255486,117.36958339220786,-20743.916615947066,380861.59960773925
BTC-USD+SI=F / XRP-USD+SOL-USD,17,2024-05-20,2024-06-10,up,expired,14,SI=F,BUY,6234.205796097295,32.20500183105469,29.768999099731445,401545.2181569703,380918.6711244155,-20626.54703255486,117.36958339220786,-20743.916615947066,380861.59960773925
BTC-USD+SI=F / XRP-USD+SOL-USD,18,2024-06-10,2024-07-19,down,expired,27,XRP-USD,BUY,383389.99663540174,0.4966279864311218,0.5737519860267639,380804.40409374825,422662.2849238206,41857.88083007235,120.52000335263531,41737.36082671971,422598.960434459
BTC-USD+SI=F / XRP-USD+SOL-USD,18,2024-06-10,2024-07-19,down,expired,27,SOL-USD,BUY,1198.0404519284507,158.9280242919922,169.1858673095703,380804.40409374825,422662.2849238206,41857.88083007235,120.52000335263531,41737.36082671971,422598.960434459
BTC-USD+SI=F / XRP-USD+SOL-USD,19,2024-07-19,2024-08-30,up,expired,30,BTC-USD,BUY,3.1669502778914933,66710.15625,59119.4765625,422535.49574824487,395903.2911637266,-26632.204584518287,122.76581803679571,-26754.97040255508,395843.9900319039
BTC-USD+SI=F / XRP-USD+SOL-USD,19,2024-07-19,2024-08-30,up,expired,30,SI=F,BUY,7263.0553025170475,29.08799934387207,28.731000900268555,422535.49574824487,395903.2911637266,-26632.204584518287,122.76581803679571,-26754.97040255508,395843.9900319039
BTC-USD+SI=F / XRP-USD+SOL-USD,20,2024-08-30,2024-10-22,down,expired,36,XRP-USD,BUY,348997.24266886857,0.5670310258865356,0.5333790183067322,395784.52908420155,425825.514655596,30040.985571394493,123.24150656096961,29917.744064833525,425761.7340967374
BTC-USD+SI=F / XRP-USD+SOL-USD,20,2024-08-30,2024-10-22,down,expired,36,SOL-USD,BUY,1432.9636325943131,138.09999084472656,167.26014709472656,395784.52908420155,425825.514655596,30040.985571394493,123.24150656096961,29917.744064833525,425761.7340967374
BTC-USD+SI=F / XRP-USD+SOL-USD,21,2024-10-22,2024-12-09,up,expired,33,BTC-USD,BUY,3.1598047033220404,67361.40625,97432.71875,425697.77658227336,504737.22829658736,79039.45171431397,139.5652507318291,78899.88646358214,504661.6205603195
BTC-USD+SI=F / XRP-USD+SOL-USD,21,2024-10-22,2024-12-09,up,expired,33,SI=F,BUY,6110.903518663194,34.83100128173828,32.215999603271484,425697.77658227336,504737.22829658736,79039.45171431397,139.5652507318291,78899.88646358214,504661.6205603195
BTC-USD+SI=F / XRP-USD+SOL-USD,22,2024-12-09,2025-01-22,down,expired,29,XRP-USD,BUY,113699.13184390262,2.218951940536499,3.171104907989502,504585.81848468597,659156.4901362623,154570.67165157635,174.5613462931422,154396.1103052832,659057.7308656027
BTC-USD+SI=F / XRP-USD+SOL-USD,22,2024-12-09,2025-01-22,down,expired,29,SOL-USD,BUY,1160.8135321750326,217.34146118164062,257.23736572265625,504585.81848468597,659156.4901362623,154570.67165157635,174.5613462931422,154396.1103052832,659057.7308656027
BTC-USD+SI=F / XRP-USD+SOL-USD,23,2025-01-22,2025-02-05,up,expired,10,BTC-USD,BUY,3.178674572945938,103653.0703125,96615.4453125,658958.7580202424,653653.5496625614,-5305.208357680964,196.89184615242056,-5502.100203833384,653555.6306617693
BTC-USD+SI=F / XRP-USD+SOL-USD,23,2025-01-22,2025-02-05,up,expired,10,SI=F,BUY,10547.052582684495,31.23900032043457,32.856998443603516,658958.7580202424,653653.5496625614,-5305.208357680964,196.89184615242056,-5502.100203833384,653555.6306617693
BTC-USD+SI=F / XRP-USD+SOL-USD,24,2025-02-05,2025-05-09,down,expired,65,XRP-USD,BUY,137147.583365716,2.382314920425415,2.3446710109710693,653457.4683048674,609685.2503254897,-43772.21797937773,189.47140779455356,-43961.689387172286,609593.9412745971
BTC-USD+SI=F / XRP-USD+SOL-USD,24,2025-02-05,2025-05-09,down,expired,65,SOL-USD,BUY,1667.0841797670305,195.98814392089844,172.82827758789062,653457.4683048674,609685.2503254897,-43772.21797937773,189.47140779455356,-43961.689387172286,609593.9412745971
BTC-USD+SI=F / XRP-USD+SOL-USD,25,2025-05-09,2025-06-02,up,expired,15,BTC-USD,BUY,2.9595868598715134,102970.8515625,105881.53125,609502.3584683102,635715.7950777105,26213.436609400298,186.7827230319031,26026.653886368396,635620.5951609655
BTC-USD+SI=F / XRP-USD+SOL-USD,25,2025-05-09,2025-06-02,up,expired,15,SI=F,BUY,9326.453405338727,32.67599868774414,34.5629997253418,609502.3584683102,635715.7950777105,26213.436609400298,186.7827230319031,26026.653886368396,635620.5951609655
BTC-USD+SI=F / XRP-USD+SOL-USD,26,2025-06-02,2025-07-21,down,expired,34,XRP-USD,BUY,144585.05752574018,2.1977550983428955,3.55576491355896,635525.0946427926,910800.9516928494,275275.8570500568,231.9489069503463,275043.90814310644,910664.503304072
BTC-USD+SI=F / XRP-USD+SOL-USD,26,2025-06-02,2025-07-21,down,expired,34,SOL-USD,BUY,2023.9902518708068,156.99806213378906,195.9942626953125,635525.0946427926,910800.9516928494,275275.8570500568,231.9489069503463,275043.90814310644,910664.503304072
BTC-USD+SI=F / XRP-USD+SOL-USD,27,2025-07-21,2025-10-10,up,expired,58,BTC-USD,BUY,3.876580831161941,117439.5390625,113214.3671875,910527.731900363,985396.864373695,74869.13247333199,284.3886894411087,74584.7437838909,985249.2470879628
BTC-USD+SI=F / XRP-USD+SOL-USD,27,2025-07-21,2025-10-10,up,expired,58,SI=F,BUY,11643.278834215882,39.10100173950195,46.9379997253418,910527.731900363,985396.864373695,74869.13247333199,284.3886894411087,74584.7437838909,985249.2470879628
BTC-USD+SI=F / XRP-USD+SOL-USD,28,2025-10-10,2026-01-23,down,expired,71,XRP-USD,BUY,208832.04097723702,2.3585970401763916,1.9195319414138794,985101.2674858123,733366.6215580233,-251734.64592778904,257.77018335657533,-251992.41611114563,733256.8309768172
BTC-USD+SI=F / XRP-USD+SOL-USD,28,2025-10-10,2026-01-23,down,expired,71,SOL-USD,BUY,2610.7311858540106,188.6638641357422,127.36157989501953,985101.2674858123,733366.6215580233,-251734.64592778904,257.77018335657533,-251992.41611114563,733256.8309768172
BTC-USD+ADA-USD / GC=F+SOL-USD,1,2021-06-16,2021-07-27,up,expired,28,BTC-USD,BUY,1.3036852562044354,38347.0625,39406.94140625,99985.0,94483.56468147872,-5501.435318521267,29.170284702221807,-5530.605603223489,94469.39439677651
BTC-USD+ADA-USD / GC=F+SOL-USD,1,2021-06-16,2021-07-27,up,expired,28,ADA-USD,BUY,33720.09264176,1.4825730323791504,1.2784459590911865,99985.0,94483.56468147872,-5501.435318521267,29.170284702221807,-5530.605603223489,94469.39439677651
BTC-USD+ADA-USD / GC=F+SOL-USD,2,2021-07-27,2021-12-03,down,expired,91,GC=F,BUY,26.24485183049583,1799.5,1782.0,94455.22173795449,402211.31362269353,307756.091884739,74.49998030409719,307681.5919044349,402150.9863012114
BTC-USD+ADA-USD / GC=F+SOL-USD,2,2021-07-27,2021-12-03,down,expired,91,SOL-USD,BUY,1682.774313996177,28.065326690673828,211.22439575195312,94455.22173795449,402211.31362269353,307756.091884739,74.49998030409719,307681.5919044349,402150.9863012114
BTC-USD+ADA-USD / GC=F+SOL-USD,3,2021-12-03,2022-03-28,up,expired,78,BTC-USD,BUY,3.75096844190624,53598.24609375,47128.00390625,402090.6592783613,327917.1353391583,-74173.52393920298,109.50116919262793,-74283.0251083956,327867.9611928158
BTC-USD+ADA-USD / GC=F+SOL-USD,3,2021-12-03,2022-03-28,up,expired,78,ADA-USD,BUY,129160.43789763052,1.5565550327301025,1.1701840162277222,402090.6592783613,327917.1353391583,-74173.52393920298,109.50116919262793,-74283.0251083956,327867.9611928158
BTC-USD+ADA-USD / GC=F+SOL-USD,4,2022-03-28,2022-04-11,down,expired,10,GC=F,BUY,84.50679823236766,1939.5999755859375,1944.300048828125,327818.7675766921,317244.83484526083,-10573.932731431265,96.75954036329293,-10670.692271794558,317197.26892102126
BTC-USD+ADA-USD / GC=F+SOL-USD,4,2022-03-28,2022-04-11,down,expired,10,SOL-USD,BUY,1539.5575077824506,106.46525573730469,99.33910369873047,327818.7675766921,317244.83484526083,-10573.932731431265,96.75954036329293,-10670.692271794558,317197.26892102126
BTC-USD+ADA-USD / GC=F+SOL-USD,5,2022-04-11,2022-10-26,up,expired,137,BTC-USD,BUY,4.012327971643932,39521.90234375,20770.44140625,317149.66853281605,152851.2996491543,-164298.36888366175,70.50014522729555,-164368.86902888905,152828.3998921322
BTC-USD+ADA-USD / GC=F+SOL-USD,5,2022-04-11,2022-10-26,up,expired,137,ADA-USD,BUY,172279.68826544678,0.92044997215271,0.4034920036792755,317149.66853281605,152851.2996491543,-164298.36888366175,70.50014522729555,-164368.86902888905,152828.3998921322
BTC-USD+ADA-USD / GC=F+SOL-USD,6,2022-10-26,2022-11-08,down,expired,9,GC=F,BUY,45.91509846707145,1664.0,1712.0999755859375,152805.4476984138,137596.90640048942,-15208.541297924376,43.56035311483548,-15252.101651039211,137576.298241093
BTC-USD+ADA-USD / GC=F+SOL-USD,6,2022-10-26,2022-11-08,down,expired,9,SOL-USD,BUY,2442.17370308606,31.28472137451172,24.152936935424805,152805.4476984138,137596.90640048942,-15208.541297924376,43.56035311483548,-15252.101651039211,137576.298241093
BTC-USD+ADA-USD / GC=F+SOL-USD,7,2022-11-08,2023-01-13,up,expired,45,BTC-USD,BUY,3.7094443749561563,18541.271484375,19909.57421875,137555.63042449966,137810.42362615358,254.7932016539262,41.30490810759798,213.4882935463282,137789.78653463934
BTC-USD+ADA-USD / GC=F+SOL-USD,7,2022-11-08,2023-01-13,up,expired,45,ADA-USD,BUY,184969.13510782816,0.37183400988578796,0.34577101469039917,137555.63042449966,137810.42362615358,254.7932016539262,41.30490810759798,213.4882935463282,137789.78653463934
BTC-USD+ADA-USD / GC=F+SOL-USD,8,2023-01-13,2023-05-24,down,expired,90,GC=F,BUY,35.90728780403324,1918.4000244140625,1962.800048828125,137769.08359980027,142885.92675115733,5116.84315135705,42.09825155264364,5074.7448998044065,142864.53143444375
BTC-USD+ADA-USD / GC=F+SOL-USD,8,2023-01-13,2023-05-24,down,expired,90,SOL-USD,BUY,3766.560995833934,18.28844451904297,19.223663330078125,137769.08359980027,142885.92675115733,5116.84315135705,42.09825155264364,5074.7448998044065,142864.53143444375
BTC-USD+ADA-USD / GC=F+SOL-USD,9,2023-05-24,2023-06-21,up,expired,18,BTC-USD,BUY,2.7120571374135616,26334.818359375,30027.296875,142843.06418806533,137712.69786482182,-5130.366323243516,42.08336430793307,-5172.449687551449,137692.0817468923
BTC-USD+ADA-USD / GC=F+SOL-USD,9,2023-05-24,2023-06-21,up,expired,18,ADA-USD,BUY,196086.94412627385,0.36423400044441223,0.28700000047683716,142843.06418806533,137712.69786482182,-5130.366323243516,42.08336430793307,-5172.449687551449,137692.0817468923
BTC-USD+ADA-USD / GC=F+SOL-USD,10,2023-06-21,2023-08-17,down,expired,40,GC=F,BUY,35.60528207648056,1933.300048828125,1884.0999755859375,137671.38715399808,153681.64976118456,16010.262607186485,43.70295553727739,15966.559651649208,153658.6413985415
BTC-USD+ADA-USD / GC=F+SOL-USD,10,2023-06-21,2023-08-17,down,expired,40,SOL-USD,BUY,3988.8457497746567,17.25704574584961,21.70997428894043,137671.38715399808,153681.64976118456,16010.262607186485,43.70295553727739,15966.559651649208,153658.6413985415
BTC-USD+ADA-USD / GC=F+SOL-USD,11,2023-08-17,2023-10-02,up,expired,31,BTC-USD,BUY,2.8808951252260897,26664.55078125,27530.78515625,153635.5487240933,157198.00096824658,3562.452244153291,46.62503245385098,3515.82721169944,157174.46861024096
BTC-USD+ADA-USD / GC=F+SOL-USD,11,2023-08-17,2023-10-02,up,expired,31,ADA-USD,BUY,300118.6800088068,0.2559579908847809,0.2595129907131195,153635.5487240933,157198.00096824658,3562.452244153291,46.62503245385098,3515.82721169944,157174.46861024096
BTC-USD+ADA-USD / GC=F+SOL-USD,12,2023-10-02,2024-04-17,down,expired,136,GC=F,BUY,42.93738937292654,1830.0,2371.699951171875,157150.84510491113,545167.3836532873,388016.5385483761,105.34773431372976,387911.1908140624,545085.6594243033
BTC-USD+ADA-USD / GC=F+SOL-USD,12,2023-10-02,2024-04-17,down,expired,136,SOL-USD,BUY,3361.9899959360046,23.371700286865234,131.86618041992188,157150.84510491113,545167.3836532873,388016.5385483761,105.34773431372976,387911.1908140624,545085.6594243033
BTC-USD+ADA-USD / GC=F+SOL-USD,13,2024-04-17,2024-06-04,up,expired,33,BTC-USD,BUY,4.4470730484713235,61276.69140625,70567.765625,545003.8457044575,596865.1757355318,51861.33003107429,171.2803532159984,51690.0496778583,596775.7091021616
BTC-USD+ADA-USD / GC=F+SOL-USD,13,2024-04-17,2024-06-04,up,expired,33,ADA-USD,BUY,613335.5755343689,0.4442949891090393,0.46148499846458435,545003.8457044575,596865.1757355318,51861.33003107429,171.2803532159984,51690.0496778583,596775.7091021616
BTC-USD+ADA-USD / GC=F+SOL-USD,14,2024-06-04,2024-06-24,down,expired,13,GC=F,BUY,128.29200808692272,2325.5,2330.0,596686.1296122776,528564.503270349,-68121.6263419287,168.78759493239397,-68290.41393686109,528485.2951653005
BTC-USD+ADA-USD / GC=F+SOL-USD,14,2024-06-04,2024-06-24,down,expired,13,SOL-USD,BUY,1736.5525075544915,171.8019256591797,132.24139404296875,596686.1296122776,528564.503270349,-68121.6263419287,168.78759493239397,-68290.41393686109,528485.2951653005
BTC-USD+ADA-USD / GC=F+SOL-USD,15,2024-06-24,2024-10-14,up,expired,78,BTC-USD,BUY,4.383117242423336,60277.4140625,66046.125,528405.9458120692,543986.2295514875,15580.283739418222,160.8588263045335,15419.42491311369,543904.7200784142
BTC-USD+ADA-USD / GC=F+SOL-USD,15,2024-06-24,2024-10-14,up,expired,78,ADA-USD,BUY,699384.4665318717,0.3777649998664856,0.36388900876045227,528405.9458120692,543986.2295514875,15580.283739418222,160.8588263045335,15419.42491311369,543904.7200784142
BTC-USD+ADA-USD / GC=F+SOL-USD,16,2024-10-14,2025-02-04,down,expired,77,GC=F,BUY,102.69337485717622,2647.800048828125,2853.300048828125,543823.0459223123,650667.8387750108,106844.79285269845,179.17363270459845,106665.61921999385,650570.339298408
BTC-USD+ADA-USD / GC=F+SOL-USD,16,2024-10-14,2025-02-04,down,expired,77,SOL-USD,BUY,1727.0240369252147,157.44512939453125,207.09197998046875,543823.0459223123,650667.8387750108,106844.79285269845,179.17363270459845,106665.61921999385,650570.339298408
BTC-USD+ADA-USD / GC=F+SOL-USD,17,2025-02-04,2025-05-01,up,expired,60,BTC-USD,BUY,3.32308447409314,97871.8203125,96492.3359375,650472.6530634047,628061.4651798531,-22411.187883551647,191.78011773648865,-22602.968001288136,627967.3712971199
BTC-USD+ADA-USD / GC=F+SOL-USD,17,2025-02-04,2025-05-01,up,expired,60,ADA-USD,BUY,435773.2561130892,0.7463430166244507,0.7054340243339539,650472.6530634047,628061.4651798531,-22411.187883551647,191.78011773648865,-22602.968001288136,627967.3712971199
BTC-USD+ADA-USD / GC=F+SOL-USD,18,2025-05-01,2025-08-25,down,expired,80,GC=F,BUY,97.7995421918508,3210.0,3373.800048828125,627873.0608716821,719713.3042404179,91840.24336873573,202.13795476681497,91638.10541396891,719605.4767110888
BTC-USD+ADA-USD / GC=F+SOL-USD,18,2025-05-01,2025-08-25,down,expired,80,SOL-USD,BUY,2081.1642763532154,150.84658813476562,187.2784423828125,627873.0608716821,719713.3042404179,91840.24336873573,202.13795476681497,91638.10541396891,719605.4767110888
BTC-USD+ADA-USD / GC=F+SOL-USD,19,2025-08-25,2026-01-23,up,expired,104,BTC-USD,BUY,3.2667497979970004,110124.3515625,89503.875,719497.4064426951,447042.9715471439,-272454.4348955512,174.9810566984758,-272629.41595224966,446976.0607588391
BTC-USD+ADA-USD / GC=F+SOL-USD,19,2025-08-25,2026-01-23,up,expired,104,ADA-USD,BUY,429482.4789932822,0.8376330137252808,0.3600989878177643,719497.4064426951,447042.9715471439,-272454.4348955512,174.9810566984758,-272629.41595224966,446976.0607588391
BTC-USD+ADA-USD / SOL-USD+ADA-USD,1,2021-06-16,2021-07-19,up,expired,22,BTC-USD,BUY,1.3036852562044354,38347.0625,30817.83203125,99985.0,77980.89005035328,-22004.109949646714,26.694883507552987,-22030.804833154267,77969.19516684573
BTC-USD+ADA-USD / SOL-USD+ADA-USD,1,2021-06-16,2021-07-19,up,expired,22,ADA-USD,BUY,33720.09264176,1.4825730323791504,1.121116042137146,99985.0,77980.89005035328,-22004.109949646714,26.694883507552987,-22030.804833154267,77969.19516684573
BTC-USD+ADA-USD / SOL-USD+ADA-USD,2,2021-07-19,2021-08-16,down,expired,20,SOL-USD,BUY,1594.3808881243885,24.44757652282715,62.432464599609375,77957.4975379082,171837.90175302504,93880.40421511684,37.46930989363999,93842.9349052232,171812.13007206895
BTC-USD+ADA-USD / SOL-USD+ADA-USD,2,2021-07-19,2021-08-16,down,expired,20,ADA-USD,BUY,34767.80931138066,1.121116042137146,2.0794169902801514,77957.4975379082,171837.90175302504,93880.40421511684,37.46930989363999,93842.9349052232,171812.13007206895
BTC-USD+ADA-USD / SOL-USD+ADA-USD,3,2021-08-16,2022-01-07,up,expired,101,BTC-USD,BUY,1.8670609678890886,46004.484375,41557.90234375,171786.35424885192,127635.75229213465,-44150.60195671726,44.91331598114798,-44195.51527269841,127616.61479937054
BTC-USD+ADA-USD / SOL-USD+ADA-USD,3,2021-08-16,2022-01-07,up,expired,101,ADA-USD,BUY,41306.37458764532,2.0794169902801514,1.2115470170974731,171786.35424885192,127635.75229213465,-44150.60195671726,44.91331598114798,-44195.51527269841,127616.61479937054
BTC-USD+ADA-USD / SOL-USD+ADA-USD,4,2022-01-07,2022-03-30,down,expired,56,SOL-USD,BUY,467.7229820374675,136.40281677246094,120.6994857788086,127597.46443825144,119138.28627162539,-8459.178166626047,37.01036260648152,-8496.188529232528,119120.426270138
BTC-USD+ADA-USD / SOL-USD+ADA-USD,4,2022-01-07,2022-03-30,down,expired,56,ADA-USD,BUY,52658.899175014754,1.2115470170974731,1.1903849840164185,127597.46443825144,119138.28627162539,-8459.178166626047,37.01036260648152,-8496.188529232528,119120.426270138
BTC-USD+ADA-USD / SOL-USD+ADA-USD,5,2022-03-30,2022-05-09,up,expired,27,BTC-USD,BUY,1.265361299013855,47062.6640625,30296.953125,119102.54746635535,68857.4044952923,-50245.14297106305,28.193992794247144,-50273.3369638573,68847.08930628072
BTC-USD+ADA-USD / SOL-USD+ADA-USD,5,2022-03-30,2022-05-09,up,expired,27,ADA-USD,BUY,50026.902668285264,1.1903849840164185,0.6100879907608032,119102.54746635535,68857.4044952923,-50245.14297106305,28.193992794247144,-50273.3369638573,68847.08930628072
BTC-USD+ADA-USD / SOL-USD+ADA-USD,6,2022-05-09,2022-07-18,down,expired,47,SOL-USD,BUY,543.9949897839532,63.2696533203125,43.746158599853516,68836.74882323532,51584.715356556844,-17252.033466678473,18.063219626968824,-17270.096686305442,51576.99261997527
BTC-USD+ADA-USD / SOL-USD+ADA-USD,6,2022-05-09,2022-07-18,down,expired,47,ADA-USD,BUY,56415.42684473533,0.6100879907608032,0.4925430119037628,68836.74882323532,51584.715356556844,-17252.033466678473,18.063219626968824,-17270.096686305442,51576.99261997527
BTC-USD+ADA-USD / SOL-USD+ADA-USD,7,2022-07-18,2022-08-24,up,expired,27,BTC-USD,BUY,1.1467124726175346,22485.689453125,21395.01953125,51569.24110260598,48515.93575348341,-3053.305349122567,15.012776528413408,-3068.3181256509806,48508.674494324296
BTC-USD+ADA-USD / SOL-USD+ADA-USD,7,2022-07-18,2022-08-24,up,expired,27,ADA-USD,BUY,52349.987570914935,0.4925430119037628,0.4581089913845062,51569.24110260598,48515.93575348341,-3053.305349122567,15.012776528413408,-3068.3181256509806,48508.674494324296
BTC-USD+ADA-USD / SOL-USD+ADA-USD,8,2022-08-24,2023-01-17,down,expired,99,SOL-USD,BUY,693.7109995910708,34.957916259765625,22.884063720703125,48501.38206436592,34178.30728195363,-14323.074782412292,12.401953401947932,-14335.47673581424,34173.197758510054
BTC-USD+ADA-USD / SOL-USD+ADA-USD,8,2022-08-24,2023-01-17,down,expired,99,ADA-USD,BUY,52936.50962599977,0.4581089913845062,0.3457610011100769,48501.38206436592,34178.30728195363,-14323.074782412292,12.401953401947932,-14335.47673581424,34173.197758510054
BTC-USD+ADA-USD / SOL-USD+ADA-USD,9,2023-01-17,2023-03-08,up,expired,35,BTC-USD,BUY,0.8073157154032282,21161.51953125,21718.080078125,34168.05455878096,33224.805297839004,-943.2492609419567,10.108928978492994,-953.3581899204496,33219.8395685896
BTC-USD+ADA-USD / SOL-USD+ADA-USD,9,2023-01-17,2023-03-08,up,expired,35,ADA-USD,BUY,49409.93120838283,0.3457610011100769,0.3175770044326782,34168.05455878096,33224.805297839004,-943.2492609419567,10.108928978492994,-953.3581899204496,33219.8395685896
BTC-USD+ADA-USD / SOL-USD+ADA-USD,10,2023-03-08,2023-07-13,down,expired,87,SOL-USD,BUY,901.5386968348437,18.421194076538086,26.02569580078125,33214.83860380777,42166.5926841654,8951.754080357623,11.307214693195975,8940.446865664428,42160.28643425403
BTC-USD+ADA-USD / SOL-USD+ADA-USD,10,2023-03-08,2023-07-13,down,expired,87,ADA-USD,BUY,52294.14935622148,0.3175770044326782,0.3576579988002777,33214.83860380777,42166.5926841654,8951.754080357623,11.307214693195975,8940.446865664428,42160.28643425403
BTC-USD+ADA-USD / SOL-USD+ADA-USD,11,2023-07-13,2023-09-11,up,expired,41,BTC-USD,BUY,0.6696193649541298,31476.048828125,25162.654296875,42153.94365510849,31103.10200831745,-11050.841646791036,10.98855684951389,-11061.83020364055,31098.456230613476
BTC-USD+ADA-USD / SOL-USD+ADA-USD,11,2023-07-13,2023-09-11,up,expired,41,ADA-USD,BUY,58930.51993316101,0.3576579988002777,0.24187299609184265,42153.94365510849,31103.10200831745,-11050.841646791036,10.98855684951389,-11061.83020364055,31098.456230613476
BTC-USD+ADA-USD / SOL-USD+ADA-USD,12,2023-09-11,2023-10-02,down,expired,15,SOL-USD,BUY,876.4158169050717,17.739166259765625,23.371700286865234,31093.771777534752,37164.06073963779,6070.288962103035,10.23867487757588,6060.050287225459,37158.506517838934
BTC-USD+ADA-USD / SOL-USD+ADA-USD,12,2023-09-11,2023-10-02,down,expired,15,ADA-USD,BUY,64277.06333477591,0.24187299609184265,0.2595129907131195,31093.771777534752,37164.06073963779,6070.288962103035,10.23867487757588,6060.050287225459,37158.506517838934
BTC-USD+ADA-USD / SOL-USD+ADA-USD,13,2023-10-02,2024-02-22,up,expired,98,BTC-USD,BUY,0.6747521392279082,27530.78515625,51304.97265625,37152.91235760726,76558.1691260945,39405.25676848723,17.05666222255526,39388.200106264674,76546.70662410361
BTC-USD+ADA-USD / SOL-USD+ADA-USD,13,2023-10-02,2024-02-22,up,expired,98,ADA-USD,BUY,71581.98950949282,0.2595129907131195,0.5859019756317139,37152.91235760726,76558.1691260945,39405.25676848723,17.05666222255526,39388.200106264674,76546.70662410361
BTC-USD+ADA-USD / SOL-USD+ADA-USD,14,2024-02-22,2024-03-14,down,expired,15,SOL-USD,BUY,376.3910683812457,101.66979217529297,176.67974853515625,76535.20339791547,115517.13666989212,38981.93327197665,28.807851010171134,38953.125420966484,115499.8320450701
BTC-USD+ADA-USD / SOL-USD+ADA-USD,14,2024-02-22,2024-03-14,down,expired,15,ADA-USD,BUY,65314.00010675501,0.5859019756317139,0.7504739761352539,76535.20339791547,115517.13666989212,38981.93327197665,28.807851010171134,38953.125420966484,115499.8320450701
BTC-USD+ADA-USD / SOL-USD+ADA-USD,15,2024-03-14,2024-04-16,up,expired,22,BTC-USD,BUY,0.8087394514393533,71396.59375,63811.86328125,115482.48412802673,86892.10144866662,-28590.382679360104,30.356187836504,-28620.738867196607,86879.0931778735
BTC-USD+ADA-USD / SOL-USD+ADA-USD,15,2024-03-14,2024-04-16,up,expired,22,ADA-USD,BUY,76939.69931024892,0.7504739761352539,0.45860499143600464,115482.48412802673,86892.10144866662,-28590.382679360104,30.356187836504,-28620.738867196607,86879.0931778735
BTC-USD+ADA-USD / SOL-USD+ADA-USD,16,2024-04-16,2024-05-20,down,expired,24,SOL-USD,BUY,318.7058427543835,136.27932739257812,186.52049255371094,86866.0357733043,106965.07068570412,20099.03491239982,29.074665968851264,20069.96024643097,106949.05342430447
BTC-USD+ADA-USD / SOL-USD+ADA-USD,16,2024-04-16,2024-05-20,down,expired,24,ADA-USD,BUY,94706.8145740253,0.45860499143600464,0.5017579793930054,86866.0357733043,106965.07068570412,20099.03491239982,29.074665968851264,20069.96024643097,106949.05342430447
BTC-USD+ADA-USD / SOL-USD+ADA-USD,17,2024-05-20,2024-06-10,up,expired,14,BTC-USD,BUY,0.7483252943164567,71448.1953125,69512.28125,106932.98357121249,98952.58745916456,-7980.396112047918,30.882835654556555,-8011.278947702474,98937.77447660199
BTC-USD+ADA-USD / SOL-USD+ADA-USD,17,2024-05-20,2024-06-10,up,expired,14,ADA-USD,BUY,106558.32887856926,0.5017579793930054,0.44046100974082947,106932.98357121249,98952.58745916456,-7980.396112047918,30.882835654556555,-8011.278947702474,98937.77447660199
BTC-USD+ADA-USD / SOL-USD+ADA-USD,18,2024-06-10,2024-07-19,down,expired,27,SOL-USD,BUY,311.21919607964446,158.9280242919922,169.1858673095703,98922.90390936003,101955.0942185167,3032.1903091566555,30.131699719181505,3002.058609437474,101939.83308603946
BTC-USD+ADA-USD / SOL-USD+ADA-USD,18,2024-06-10,2024-07-19,down,expired,27,ADA-USD,BUY,112294.73406461903,0.44046100974082947,0.43903398513793945,98922.90390936003,101955.0942185167,3032.1903091566555,30.131699719181505,3002.058609437474,101939.83308603946
BTC-USD+ADA-USD / SOL-USD+ADA-USD,19,2024-07-19,2024-08-30,up,expired,30,BTC-USD,BUY,0.7639354763484065,66710.15625,59119.4765625,101924.50998424075,85460.46033076681,-16464.049653473936,28.10774554725113,-16492.157399021187,85447.67568701827
BTC-USD+ADA-USD / SOL-USD+ADA-USD,19,2024-07-19,2024-08-30,up,expired,30,ADA-USD,BUY,116078.15503419084,0.43903398513793945,0.34715399146080017,101924.50998424075,85460.46033076681,-16464.049653473936,28.10774554725113,-16492.157399021187,85447.67568701827
BTC-USD+ADA-USD / SOL-USD+ADA-USD,20,2024-08-30,2024-10-22,down,expired,36,SOL-USD,BUY,309.32233808613,138.09999084472656,167.26014709472656,85434.82411552794,96505.46796983326,11070.643854305321,27.291043812804176,11043.352810492515,96491.0284975108
BTC-USD+ADA-USD / SOL-USD+ADA-USD,20,2024-08-30,2024-10-22,down,expired,36,ADA-USD,BUY,123050.32668071029,0.34715399146080017,0.36381998658180237,85434.82411552794,96505.46796983326,11070.643854305321,27.291043812804176,11043.352810492515,96491.0284975108
BTC-USD+ADA-USD / SOL-USD+ADA-USD,21,2024-10-22,2024-12-09,up,expired,33,BTC-USD,BUY,0.7161112265290286,67361.40625,97432.71875,96476.51850081535,203361.8395620207,106885.32106120534,44.975753709425405,106840.34530749591,203331.3738050067
BTC-USD+ADA-USD / SOL-USD+ADA-USD,21,2024-10-22,2024-12-09,up,expired,33,ADA-USD,BUY,132588.26075945018,0.36381998658180237,1.0075490474700928,96476.51850081535,203361.8395620207,106885.32106120534,44.975753709425405,106840.34530749591,203331.3738050067
BTC-USD+ADA-USD / SOL-USD+ADA-USD,22,2024-12-09,2025-01-22,down,expired,29,SOL-USD,BUY,467.69915523823397,217.34146118164062,257.23736572265625,203300.83558579348,219346.58465081296,16045.749065019503,63.39711303549096,15982.351951984012,219313.72575699072
BTC-USD+ADA-USD / SOL-USD+ADA-USD,22,2024-12-09,2025-01-22,down,expired,29,ADA-USD,BUY,100888.80342662826,1.0075490474700928,0.9816439747810364,203300.83558579348,219346.58465081296,16045.749065019503,63.39711303549096,15982.351951984012,219313.72575699072
BTC-USD+ADA-USD / SOL-USD+ADA-USD,23,2025-01-22,2025-02-05,up,expired,10,BTC-USD,BUY,1.057763098331839,103653.0703125,96615.4453125,219280.7856107159,184088.79871558113,-35191.98689513475,60.50543764894455,-35252.492332783695,184061.23342420702
BTC-USD+ADA-USD / SOL-USD+ADA-USD,23,2025-01-22,2025-02-05,up,expired,10,ADA-USD,BUY,111690.58805644288,0.9816439747810364,0.7332090139389038,219280.7856107159,184088.79871558113,-35191.98689513475,60.50543764894455,-35252.492332783695,184061.23342420702
BTC-USD+ADA-USD / SOL-USD+ADA-USD,24,2025-02-05,2025-05-09,down,expired,65,SOL-USD,BUY,469.50180897738664,195.98814392089844,172.82827758789062,184033.57621796444,178744.91585007956,-5288.660367884878,54.41677381020659,-5343.077141695085,178718.15628251195
BTC-USD+ADA-USD / SOL-USD+ADA-USD,24,2025-02-05,2025-05-09,down,expired,65,ADA-USD,BUY,125498.71368145743,0.7332090139389038,0.7777109742164612,184033.57621796444,178744.91585007956,-5288.660367884878,54.41677381020659,-5343.077141695085,178718.15628251195
BTC-USD+ADA-USD / SOL-USD+ADA-USD,25,2025-05-09,2025-06-02,up,expired,15,BTC-USD,BUY,0.8676790260815958,102970.8515625,105881.53125,178691.29639708513,171103.23882951288,-7588.057567572236,52.4691802839897,-7640.5267478562255,171077.62953465572
BTC-USD+ADA-USD / SOL-USD+ADA-USD,25,2025-05-09,2025-06-02,up,expired,15,ADA-USD,BUY,114882.8435763784,0.7777109742164612,0.6896770000457764,178691.29639708513,171103.23882951288,-7588.057567572236,52.4691802839897,-7640.5267478562255,171077.62953465572
BTC-USD+ADA-USD / SOL-USD+ADA-USD,26,2025-06-02,2025-07-21,down,expired,34,SOL-USD,BUY,544.7580351721843,156.99806213378906,195.9942626953125,171051.9117076869,217189.9093117298,46137.9976040429,58.2362731529125,46079.761330889996,217157.39086554572
BTC-USD+ADA-USD / SOL-USD+ADA-USD,26,2025-06-02,2025-07-21,down,expired,34,ADA-USD,BUY,124008.7111041354,0.6896770000457764,0.8904250264167786,171051.9117076869,217189.9093117298,46137.9976040429,58.2362731529125,46079.761330889996,217157.39086554572
BTC-USD+ADA-USD / SOL-USD+ADA-USD,27,2025-07-21,2025-10-10,up,expired,58,BTC-USD,BUY,0.9244108030352447,117439.5390625,113214.3671875,217124.75722570924,182056.92224435555,-35067.83498135368,59.87725192050972,-35127.71223327419,182029.67863227153
BTC-USD+ADA-USD / SOL-USD+ADA-USD,27,2025-07-21,2025-10-10,up,expired,58,ADA-USD,BUY,121921.97590147264,0.8904250264167786,0.6348350048065186,217124.75722570924,182056.92224435555,-35067.83498135368,59.87725192050972,-35127.71223327419,182029.67863227153
BTC-USD+ADA-USD / SOL-USD+ADA-USD,28,2025-10-10,2026-01-23,down,expired,71,SOL-USD,BUY,482.34544038866323,188.6638641357422,127.36157989501953,182002.309263963,113051.08132380631,-68951.22794015668,44.25800858816539,-68995.48594874484,113034.1926835267
BTC-USD+ADA-USD / SOL-USD+ADA-USD,28,2025-10-10,2026-01-23,down,expired,71,ADA-USD,BUY,143346.1512723551,0.6348350048065186,0.3600989878177643,182002.309263963,113051.08132380631,-68951.22794015668,44.25800858816539,-68995.48594874484,113034.1926835267
BTC-USD+ADA-USD / SI=F+SOL-USD,1,2021-06-16,2021-07-26,up,expired,27,BTC-USD,BUY,1.3036852562044354,38347.0625,37337.53515625,99985.0,91112.89283540618,-8872.10716459381,28.664683925310925,-8900.771848519122,91099.22815148087
BTC-USD+ADA-USD / SI=F+SOL-USD,1,2021-06-16,2021-07-26,up,expired,27,ADA-USD,BUY,33720.09264176,1.4825730323791504,1.2584929466247559,99985.0,91112.89283540618,-8872.10716459381,28.664683925310925,-8900.771848519122,91099.22815148087
BTC-USD+ADA-USD / SI=F+SOL-USD,2,2021-07-26,2021-08-17,down,expired,16,SI=F,BUY,1800.4657193687758,25.295000076293945,23.648000717163086,91085.56101759564,145886.530339057,54800.969321461365,35.54581370349789,54765.42350775787,145864.65165923873
BTC-USD+ADA-USD / SI=F+SOL-USD,2,2021-07-26,2021-08-17,down,expired,16,SOL-USD,BUY,1608.9078899679412,28.306642532348633,64.21070861816406,91085.56101759564,145886.530339057,54800.969321461365,35.54581370349789,54765.42350775787,145864.65165923873
BTC-USD+ADA-USD / SI=F+SOL-USD,3,2021-08-17,2022-01-07,up,expired,100,BTC-USD,BUY,1.6315202484307378,44695.359375,41557.90234375,145842.7676624022,113659.32070963067,-32183.44695277155,38.92531325580493,-32222.372266027352,113642.27939321139
BTC-USD+ADA-USD / SI=F+SOL-USD,3,2021-08-17,2022-01-07,up,expired,100,ADA-USD,BUY,37849.75812441458,1.9266010522842407,1.2115470170974731,145842.7676624022,113659.32070963067,-32183.44695277155,38.92531325580493,-32222.372266027352,113642.27939321139
BTC-USD+ADA-USD / SI=F+SOL-USD,4,2022-01-07,2022-03-31,down,expired,57,SI=F,BUY,2536.9569982727007,22.393999099731445,25.121000289916992,113625.2254707525,114820.15091674007,1194.925445987572,34.26680645812388,1160.658639529448,114802.93803274083
BTC-USD+ADA-USD / SI=F+SOL-USD,4,2022-01-07,2022-03-31,down,expired,57,SOL-USD,BUY,416.5061549289533,136.40281677246094,122.66146087646484,113625.2254707525,114820.15091674007,1194.925445987572,34.26680645812388,1160.658639529448,114802.93803274083
BTC-USD+ADA-USD / SI=F+SOL-USD,5,2022-03-31,2022-05-09,up,expired,26,BTC-USD,BUY,1.2603101153654985,45538.67578125,30296.953125,114785.70745491843,68848.40890672326,-45937.298548195184,27.54511745424625,-45964.84366564943,68838.0943670914
BTC-USD+ADA-USD / SI=F+SOL-USD,5,2022-03-31,2022-05-09,up,expired,26,ADA-USD,BUY,50262.999572063614,1.1418509483337402,0.6100879907608032,114785.70745491843,68848.40890672326,-45937.298548195184,27.54511745424625,-45964.84366564943,68838.0943670914
BTC-USD+ADA-USD / SI=F+SOL-USD,6,2022-05-09,2022-06-23,down,expired,31,SI=F,BUY,1579.9228086253954,21.781999588012695,21.031999588012695,68827.75593314045,53993.35773004736,-14834.39820309309,18.423167049478167,-14852.821370142567,53985.27299694883
BTC-USD+ADA-USD / SI=F+SOL-USD,6,2022-05-09,2022-06-23,down,expired,31,SOL-USD,BUY,543.9239218262284,63.2696533203125,38.17523193359375,68827.75593314045,53993.35773004736,-14834.39820309309,18.423167049478167,-14852.821370142567,53985.27299694883
BTC-USD+ADA-USD / SI=F+SOL-USD,7,2022-06-23,2022-08-24,up,expired,43,BTC-USD,BUY,1.2799363540243769,21085.876953125,21395.01953125,53977.1609375789,53126.33597478809,-850.8249627908099,16.065524536855047,-866.8904873276649,53118.382509621166
BTC-USD+ADA-USD / SI=F+SOL-USD,7,2022-06-23,2022-08-24,up,expired,43,ADA-USD,BUY,56192.02671373339,0.4802919924259186,0.4581089913845062,53977.1609375789,53126.33597478809,-850.8249627908099,16.065524536855047,-866.8904873276649,53118.382509621166
BTC-USD+ADA-USD / SI=F+SOL-USD,8,2022-08-24,2022-09-23,down,expired,21,SI=F,BUY,1405.408784933793,18.895000457763672,18.840999603271484,53110.39926933821,52061.20256029312,-1049.1967090450898,15.775740274444697,-1064.9724493195345,52053.410060301634
BTC-USD+ADA-USD / SI=F+SOL-USD,8,2022-08-24,2022-09-23,down,expired,21,SOL-USD,BUY,759.6333670846531,34.957916259765625,33.6766357421875,53110.39926933821,52061.20256029312,-1049.1967090450898,15.775740274444697,-1064.9724493195345,52053.410060301634
BTC-USD+ADA-USD / SI=F+SOL-USD,9,2022-09-23,2022-10-14,up,expired,15,BTC-USD,BUY,1.348496213859445,19297.638671875,19185.65625,52045.58537090209,46543.187328348795,-5502.398042553291,14.788315904887632,-5517.186358458178,46536.22370184345
BTC-USD+ADA-USD / SI=F+SOL-USD,9,2022-09-23,2022-10-14,up,expired,15,ADA-USD,BUY,56348.224220085795,0.4618209898471832,0.36685100197792053,52045.58537090209,46543.187328348795,-5502.398042553291,14.788315904887632,-5517.186358458178,46536.22370184345
BTC-USD+ADA-USD / SI=F+SOL-USD,10,2022-10-14,2023-01-09,down,expired,58,SI=F,BUY,1291.4023590283348,18.014999389648438,23.711999893188477,46529.22541937201,43260.95748477965,-3268.26793459236,13.468527435622747,-3281.7364620279827,43254.48723981547
BTC-USD+ADA-USD / SI=F+SOL-USD,10,2022-10-14,2023-01-09,down,expired,58,SOL-USD,BUY,775.2953939151078,30.007417678833008,16.30246353149414,46529.22541937201,43260.95748477965,-3268.26793459236,13.468527435622747,-3281.7364620279827,43254.48723981547
BTC-USD+ADA-USD / SI=F+SOL-USD,11,2023-01-09,2023-02-02,up,expired,17,BTC-USD,BUY,1.2574606064068832,17196.5546875,23471.87109375,43247.98017090576,56625.78509614659,13377.804925240827,14.98106479005785,13362.82386045077,56617.31110026624
BTC-USD+ADA-USD / SI=F+SOL-USD,11,2023-01-09,2023-02-02,up,expired,17,ADA-USD,BUY,68192.54086572083,0.31710198521614075,0.39756301045417786,43247.98017090576,56625.78509614659,13377.804925240827,14.98106479005785,13362.82386045077,56617.31110026624
BTC-USD+ADA-USD / SI=F+SOL-USD,12,2023-02-02,2023-06-05,down,expired,84,SI=F,BUY,1202.7024237359824,23.534000396728516,23.534000396728516,56608.79863469791,51721.3019000744,-4887.496734623509,16.249515080215843,-4903.746249703725,51713.564850562514
BTC-USD+ADA-USD / SI=F+SOL-USD,12,2023-02-02,2023-06-05,down,expired,84,SOL-USD,BUY,1166.4673834183022,24.265058517456055,20.07505989074707,56608.79863469791,51721.3019000744,-4887.496734623509,16.249515080215843,-4903.746249703725,51713.564850562514
BTC-USD+ADA-USD / SI=F+SOL-USD,13,2023-06-05,2023-06-09,up,expired,4,BTC-USD,BUY,1.0036023031280832,25760.09765625,26480.375,51705.78667323368,48270.78108951278,-3435.0055837209,14.996485164411967,-3450.0020688853124,48263.5627816772
BTC-USD+ADA-USD / SI=F+SOL-USD,13,2023-06-05,2023-06-09,up,expired,4,ADA-USD,BUY,73442.59241622139,0.3520149886608124,0.295401006937027,51705.78667323368,48270.78108951278,-3435.0055837209,14.996485164411967,-3450.0020688853124,48263.5627816772
BTC-USD+ADA-USD / SI=F+SOL-USD,14,2023-06-09,2023-07-13,down,expired,22,SI=F,BUY,991.5406769849712,24.333999633789062,24.76799964904785,48256.300941278496,60689.822889454634,12433.52194817614,16.34191857460997,12417.180029601528,60680.74281127873
BTC-USD+ADA-USD / SI=F+SOL-USD,14,2023-06-09,2023-07-13,down,expired,22,SOL-USD,BUY,1388.2950152975197,17.37969970703125,26.02569580078125,48256.300941278496,60689.822889454634,12433.52194817614,16.34191857460997,12417.180029601528,60680.74281127873
BTC-USD+ADA-USD / SI=F+SOL-USD,15,2023-07-13,2023-09-13,up,expired,43,BTC-USD,BUY,0.9637743548976914,31476.048828125,26228.32421875,60671.61730810881,46388.0108598424,-14283.606448266415,16.05894422519268,-14299.665392491608,46381.07741878712
BTC-USD+ADA-USD / SI=F+SOL-USD,15,2023-07-13,2023-09-13,up,expired,43,ADA-USD,BUY,84817.9231439318,0.3576579988002777,0.24888400733470917,60671.61730810881,46388.0108598424,-14283.606448266415,16.05894422519268,-14299.665392491608,46381.07741878712
BTC-USD+ADA-USD / SI=F+SOL-USD,16,2023-09-13,2023-10-20,down,expired,27,SI=F,BUY,1012.00449922106,22.91200065612793,23.35099983215332,46374.09550031469,57692.67099814734,11318.575497832659,15.610014974769303,11302.96548285789,57684.04290164501
BTC-USD+ADA-USD / SI=F+SOL-USD,16,2023-09-13,2023-10-20,down,expired,27,SOL-USD,BUY,1259.9602186578863,18.402999877929688,27.033674240112305,46374.09550031469,57692.67099814734,11318.575497832659,15.610014974769303,11302.96548285789,57684.04290164501
BTC-USD+ADA-USD / SI=F+SOL-USD,17,2023-10-20,2023-10-24,up,expired,2,BTC-USD,BUY,0.9715234842382318,29682.94921875,33901.52734375,57675.364494933,64972.34803269397,7296.983537760969,18.397156879144042,7278.586380881825,64962.62928252683
BTC-USD+ADA-USD / SI=F+SOL-USD,17,2023-10-20,2023-10-24,up,expired,2,ADA-USD,BUY,114828.0310208429,0.25113800168037415,0.27899301052093506,57675.364494933,64972.34803269397,7296.983537760969,18.397156879144042,7278.586380881825,64962.62928252683
BTC-USD+ADA-USD / SI=F+SOL-USD,18,2023-10-24,2023-10-31,down,expired,5,SI=F,BUY,1413.2475866846996,22.979999542236328,22.840999603271484,64952.85779016199,73769.62454905907,8816.766758897083,20.808372350883154,8795.958386546201,73758.58766907304
BTC-USD+ADA-USD / SI=F+SOL-USD,18,2023-10-24,2023-10-31,down,expired,5,SOL-USD,BUY,1077.1069135898858,30.15153694152832,38.51951599121094,64952.85779016199,73769.62454905907,8816.766758897083,20.808372350883154,8795.958386546201,73758.58766907304
BTC-USD+ADA-USD / SI=F+SOL-USD,19,2023-10-31,2024-02-20,up,expired,75,BTC-USD,BUY,1.0636316006163635,34667.78125,52284.875,73747.49532151091,133882.08746862464,60134.592147113726,31.14443741852033,60103.44770969521,133862.03537876825
BTC-USD+ADA-USD / SI=F+SOL-USD,19,2023-10-31,2024-02-20,up,expired,75,ADA-USD,BUY,125803.02512963885,0.2931070029735565,0.6221650242805481,73747.49532151091,133882.08746862464,60134.592147113726,31.14443741852033,60103.44770969521,133862.03537876825
BTC-USD+ADA-USD / SI=F+SOL-USD,20,2024-02-20,2024-03-15,down,expired,18,SI=F,BUY,2896.2589941986757,23.106000900268555,25.200000762939453,133841.925854731,185877.24553732813,52035.31968259714,47.95787570880887,51987.36180688833,185849.3971856566
BTC-USD+ADA-USD / SI=F+SOL-USD,20,2024-02-20,2024-03-15,down,expired,18,SOL-USD,BUY,617.012582902281,108.45964050292969,182.96469116210938,133841.925854731,185877.24553732813,52035.31968259714,47.95787570880887,51987.36180688833,185849.3971856566
BTC-USD+ADA-USD / SI=F+SOL-USD,21,2024-03-15,2024-04-29,up,expired,30,BTC-USD,BUY,1.3386987287747567,69403.7734375,63841.12109375,185821.48654590495,143960.3421060936,-41861.14443981133,49.467274297799776,-41910.61171410913,143938.78547154745
BTC-USD+ADA-USD / SI=F+SOL-USD,21,2024-03-15,2024-04-29,up,expired,30,ADA-USD,BUY,127898.53543731458,0.7264410257339478,0.4573650062084198,185821.48654590495,143960.3421060936,-41861.14443981133,49.467274297799776,-41910.61171410913,143938.78547154745
BTC-USD+ADA-USD / SI=F+SOL-USD,22,2024-04-29,2024-05-17,down,expired,14,SI=F,BUY,2628.8160138548874,27.37299919128418,31.047000885009766,143917.15724256946,170159.98900870516,26242.8317661357,47.11157193769119,26195.72019419801,170134.50566574547
BTC-USD+ADA-USD / SI=F+SOL-USD,22,2024-04-29,2024-05-17,down,expired,14,SOL-USD,BUY,522.284254340052,137.7766571044922,169.53054809570312,143917.15724256946,170159.98900870516,26242.8317661357,47.11157193769119,26195.72019419801,170134.50566574547
BTC-USD+ADA-USD / SI=F+SOL-USD,23,2024-05-17,2024-06-10,up,expired,15,BTC-USD,BUY,1.2684876063540529,67051.875,69512.28125,170108.94484060231,165899.90568673587,-4209.039153866446,50.40132757910072,-4259.4404814455465,165875.06518429992
BTC-USD+ADA-USD / SI=F+SOL-USD,23,2024-05-17,2024-06-10,up,expired,15,ADA-USD,BUY,176461.56348196926,0.4819999933242798,0.44046100974082947,170108.94484060231,165899.90568673587,-4209.039153866446,50.40132757910072,-4259.4404814455465,165875.06518429992
BTC-USD+ADA-USD / SI=F+SOL-USD,24,2024-06-10,2024-07-02,down,expired,15,SI=F,BUY,2785.6183355736994,29.768999099731445,29.35300064086914,165850.13944777774,161963.71416683594,-3886.4252809418003,49.17207804219205,-3935.5973589839923,161939.46782531592
BTC-USD+ADA-USD / SI=F+SOL-USD,24,2024-06-10,2024-07-02,down,expired,15,SOL-USD,BUY,521.7775159120704,158.9280242919922,153.7004852294922,165850.13944777774,161963.71416683594,-3886.4252809418003,49.17207804219205,-3935.5973589839923,161939.46782531592
BTC-USD+ADA-USD / SI=F+SOL-USD,25,2024-07-02,2024-09-03,up,expired,43,BTC-USD,BUY,1.3051563616262811,62029.015625,57431.0234375,161915.12869676948,136686.13607274435,-25228.99262402513,44.790189715427076,-25273.782813740556,136665.68501157538
BTC-USD+ADA-USD / SI=F+SOL-USD,25,2024-07-02,2024-09-03,up,expired,43,ADA-USD,BUY,193782.69010753377,0.4177750051021576,0.3185510039329529,161915.12869676948,136686.13607274435,-25228.99262402513,44.790189715427076,-25273.782813740556,136665.68501157538
BTC-USD+ADA-USD / SI=F+SOL-USD,26,2024-09-03,2024-10-21,down,expired,34,SI=F,BUY,2444.369293817991,27.951000213623047,33.86899948120117,136645.13330736058,171803.69363980333,35158.56033244276,46.26732404207458,35112.29300840068,171777.97801997606
BTC-USD+ADA-USD / SI=F+SOL-USD,26,2024-09-03,2024-10-21,down,expired,34,SOL-USD,BUY,535.5373952025989,127.57758331298828,166.2168731689453,136645.13330736058,171803.69363980333,35158.56033244276,46.26732404207458,35112.29300840068,171777.97801997606
BTC-USD+ADA-USD / SI=F+SOL-USD,27,2024-10-21,2024-11-13,up,expired,17,BTC-USD,BUY,1.2747338115566351,67367.8515625,90584.1640625,171752.1563972945,253168.71079263327,81416.5543953388,63.738130078489164,81352.8162652603,253130.79428523636
BTC-USD+ADA-USD / SI=F+SOL-USD,27,2024-10-21,2024-11-13,up,expired,17,ADA-USD,BUY,237912.86211494723,0.36095601320266724,0.5787749886512756,171752.1563972945,253168.71079263327,81416.5543953388,63.738130078489164,81352.8162652603,253130.79428523636
BTC-USD+ADA-USD / SI=F+SOL-USD,28,2024-11-13,2025-01-22,down,expired,46,SI=F,BUY,4136.854603027519,30.59000015258789,31.23900032043457,253092.76587569146,280508.1290942497,27415.36321855818,80.04013424549117,27335.323084312688,280466.11736954906
BTC-USD+ADA-USD / SI=F+SOL-USD,28,2024-11-13,2025-01-22,down,expired,46,SOL-USD,BUY,588.0830197420964,215.18455505371094,257.23736572265625,253092.76587569146,280508.1290942497,27415.36321855818,80.04013424549117,27335.323084312688,280466.11736954906
BTC-USD+ADA-USD / SI=F+SOL-USD,29,2025-01-22,2025-02-06,up,expired,11,BTC-USD,BUY,1.3527046623969454,103653.0703125,96593.296875,280423.9829669543,231368.92133302178,-49055.061633932535,76.7689356449964,-49131.83056957753,231334.28679997154
BTC-USD+ADA-USD / SI=F+SOL-USD,29,2025-01-22,2025-02-06,up,expired,11,ADA-USD,BUY,142833.85329671338,0.9816439747810364,0.7050619721412659,280423.9829669543,231368.92133302178,-49055.061633932535,76.7689356449964,-49131.83056957753,231334.28679997154
BTC-USD+ADA-USD / SI=F+SOL-USD,30,2025-02-06,2025-05-12,down,expired,65,SI=F,BUY,3556.4841747927867,32.518001556396484,32.38800048828125,231299.51586242262,221376.2831374966,-9923.232724926016,67.90136984998787,-9991.134094776004,221343.15270519553
BTC-USD+ADA-USD / SI=F+SOL-USD,30,2025-02-06,2025-05-12,down,expired,65,SOL-USD,BUY,609.4126553562546,189.77249145507812,174.24789428710938,231299.51586242262,221376.2831374966,-9923.232724926016,67.90136984998787,-9991.134094776004,221343.15270519553
BTC-USD+ADA-USD / SI=F+SOL-USD,31,2025-05-12,2025-05-30,up,expired,13,BTC-USD,BUY,1.0762742850331959,102812.953125,103998.5703125,221309.8752335217,205220.97370333842,-16088.901530183313,63.979627340529014,-16152.881157523841,205190.2715476717
BTC-USD+ADA-USD / SI=F+SOL-USD,31,2025-05-12,2025-05-30,up,expired,13,ADA-USD,BUY,135334.87964794377,0.8176379799842834,0.6893270015716553,221309.8752335217,205220.97370333842,-16088.901530183313,63.979627340529014,-16152.881157523841,205190.2715476717
BTC-USD+ADA-USD / SI=F+SOL-USD,32,2025-05-30,2025-07-21,down,expired,35,SI=F,BUY,3118.6826992621204,32.891998291015625,39.10100173950195,205159.41202869933,250628.4262842178,45469.01425551849,68.36817574693757,45400.64607977155,250590.91762744324
BTC-USD+ADA-USD / SI=F+SOL-USD,32,2025-05-30,2025-07-21,down,expired,35,SOL-USD,BUY,656.5743653193817,156.23471069335938,195.9942626953125,205159.41202869933,250628.4262842178,45469.01425551849,68.36817574693757,45400.64607977155,250590.91762744324
BTC-USD+ADA-USD / SI=F+SOL-USD,33,2025-07-21,2025-10-31,up,expired,73,BTC-USD,BUY,1.0667329137852395,117439.5390625,109556.1640625,250553.24339547215,202572.4558353444,-47980.78756012774,67.96885488462247,-48048.75641501236,202542.1612124309
BTC-USD+ADA-USD / SI=F+SOL-USD,33,2025-07-21,2025-10-31,up,expired,73,ADA-USD,BUY,140693.06003434164,0.8904250264167786,0.6091650128364563,250553.24339547215,202572.4558353444,-47980.78756012774,67.96885488462247,-48048.75641501236,202542.1612124309
BTC-USD+ADA-USD / SI=F+SOL-USD,34,2025-10-31,2025-12-15,down,expired,30,SI=F,BUY,2109.7604997036774,47.99399948120117,62.939998626708984,202511.68865647403,201888.21780058276,-623.4708558912789,60.659985968558516,-684.1308418598375,201858.03037057104
BTC-USD+ADA-USD / SI=F+SOL-USD,34,2025-10-31,2025-12-15,down,expired,30,SOL-USD,BUY,540.8692353626828,187.20947265625,127.75711822509766,202511.68865647403,201888.21780058276,-623.4708558912789,60.659985968558516,-684.1308418598375,201858.03037057104
BTC-USD+ADA-USD / SI=F+SOL-USD,35,2025-12-15,2026-01-23,up,expired,26,BTC-USD,BUY,1.1677167713134398,86419.78125,89503.875,201827.6558777275,198150.34781745885,-3677.308060268642,59.99670055427795,-3737.3047608229194,198120.72560974813
BTC-USD+ADA-USD / SI=F+SOL-USD,35,2025-12-15,2026-01-23,up,expired,26,ADA-USD,BUY,260026.20126720046,0.38809099793434143,0.3600989878177643,201827.6558777275,198150.34781745885,-3677.308060268642,59.99670055427795,-3737.3047608229194,198120.72560974813
GC=F+SI=F / GC=F+SOL-USD,1,2021-06-16,2021-06-21,up,expired,3,GC=F,BUY,26.884915299811777,1859.5,1781.800048828125,99985.0,94686.09349032064,-5298.906509679374,29.200664023548093,-5328.107173702922,94671.89282629707
GC=F+SI=F / GC=F+SOL-USD,1,2021-06-16,2021-06-21,up,expired,3,SI=F,BUY,1798.291416258542,27.799999237060547,26.014999389648438,99985.0,94686.09349032064,-5298.906509679374,29.200664023548093,-5328.107173702922,94671.89282629707
GC=F+SI=F / GC=F+SOL-USD,2,2021-06-21,2021-08-05,down,expired,32,GC=F,BUY,26.562377146348773,1781.800048828125,1805.0999755859375,94657.68979271063,114269.87341613244,19612.18362342182,31.33913448132646,19580.844488940496,114252.73731523757
GC=F+SI=F / GC=F+SOL-USD,2,2021-06-21,2021-08-05,down,expired,32,SOL-USD,BUY,1775.4486432799533,26.657400131225586,37.35513687133789,94657.68979271063,114269.87341613244,19612.18362342182,31.33913448132646,19580.844488940496,114252.73731523757
GC=F+SI=F / GC=F+SOL-USD,3,2021-08-05,2021-12-10,up,expired,89,GC=F,BUY,31.642456531555474,1805.0999755859375,1782.9000244140625,114235.59502517975,106489.72678925376,-7745.868235925972,33.108798272165025,-7778.977034198137,106473.76028103943
GC=F+SI=F / GC=F+SOL-USD,3,2021-08-05,2021-12-10,up,expired,89,SI=F,BUY,2259.674666580397,25.277000427246094,22.15999984741211,114235.59502517975,106489.72678925376,-7745.868235925972,33.108798272165025,-7778.977034198137,106473.76028103943
GC=F+SI=F / GC=F+SOL-USD,4,2021-12-10,2022-03-29,down,expired,74,GC=F,BUY,29.855230469869568,1782.9000244140625,1912.0,106457.78226723583,92486.86180356362,-13970.92046367221,29.841696610619913,-14000.76216028283,92472.9981207566
GC=F+SI=F / GC=F+SOL-USD,4,2021-12-10,2022-03-29,down,expired,74,SOL-USD,BUY,316.9238411951266,167.954833984375,111.71031188964844,106457.78226723583,92486.86180356362,-13970.92046367221,29.841696610619913,-14000.76216028283,92472.9981207566
GC=F+SI=F / GC=F+SOL-USD,5,2022-03-29,2022-05-06,up,expired,27,GC=F,BUY,24.17863959884334,1912.0,1881.199951171875,92459.11782597694,87242.21744570803,-5216.900380268912,26.955200290752742,-5243.855580559665,87229.14254019693
GC=F+SI=F / GC=F+SOL-USD,5,2022-03-29,2022-05-06,up,expired,27,SI=F,BUY,1870.430476413723,24.715999603271484,22.325000762939453,92459.11782597694,87242.21744570803,-5216.900380268912,26.955200290752742,-5243.855580559665,87229.14254019693
GC=F+SI=F / GC=F+SOL-USD,6,2022-05-06,2022-07-19,down,expired,49,GC=F,BUY,23.180961356365607,1881.199951171875,1710.0,87216.0467434242,63586.318705273996,-23629.728038150213,22.62035481730473,-23652.348392967517,63576.79414722942
GC=F+SI=F / GC=F+SOL-USD,6,2022-05-06,2022-07-19,down,expired,49,SOL-USD,BUY,533.3394456908402,81.76410675048828,44.89987564086914,87216.0467434242,63586.318705273996,-23629.728038150213,22.62035481730473,-23652.348392967517,63576.79414722942
GC=F+SI=F / GC=F+SOL-USD,7,2022-07-19,2022-08-26,up,expired,28,GC=F,BUY,18.586913520571517,1710.0,1736.0999755859375,63567.24424035459,64171.52901251937,604.2847721647837,19.16081598793109,585.1239561768526,64161.91810340627
GC=F+SI=F / GC=F+SOL-USD,7,2022-07-19,2022-08-26,up,expired,28,SI=F,BUY,1702.3900369734997,18.670000076293945,18.739999771118164,63567.24424035459,64171.52901251937,604.2847721647837,19.16081598793109,585.1239561768526,64161.91810340627
GC=F+SI=F / GC=F+SOL-USD,8,2022-08-26,2023-01-17,down,expired,97,GC=F,BUY,18.475974857387886,1736.0999755859375,1907.199951171875,64152.278997675014,58373.73463283232,-5778.544364842703,18.3789020445761,-5796.923266887278,58364.99483651899
GC=F+SI=F / GC=F+SOL-USD,8,2022-08-26,2023-01-17,down,expired,97,SOL-USD,BUY,1011.024814881894,31.726362228393555,22.884063720703125,64152.278997675014,58373.73463283232,-5778.544364842703,18.3789020445761,-5796.923266887278,58364.99483651899
GC=F+SI=F / GC=F+SOL-USD,9,2023-01-17,2023-06-12,up,expired,101,GC=F,BUY,15.298926520524143,1907.199951171875,1955.300048828125,58356.2238258515,59142.066651677844,785.8428258263489,17.6247435716294,768.2180822547194,59133.21291877371
GC=F+SI=F / GC=F+SOL-USD,9,2023-01-17,2023-06-12,up,expired,101,SI=F,BUY,1218.5980460832134,23.944000244140625,23.985000610351562,58356.2238258515,59142.066651677844,785.8428258263489,17.6247435716294,768.2180822547194,59133.21291877371
GC=F+SI=F / GC=F+SOL-USD,10,2023-06-12,2023-07-13,down,expired,21,GC=F,BUY,15.118990407076902,1955.300048828125,1959.199951171875,59124.32536237884,80248.92354111778,21124.59817873894,20.905987335524493,21103.692191403414,80236.90511017712
GC=F+SI=F / GC=F+SOL-USD,10,2023-06-12,2023-07-13,down,expired,21,SOL-USD,BUY,1945.3004700179774,15.196707725524902,26.02569580078125,59124.32536237884,80248.92354111778,21124.59817873894,20.905987335524493,21103.692191403414,80236.90511017712
GC=F+SI=F / GC=F+SOL-USD,11,2023-07-13,2023-09-11,up,expired,41,GC=F,BUY,20.47388032591328,1959.199951171875,1923.300048828125,80224.85066965623,76793.33078265171,-3431.5198870045183,23.55272721784619,-3455.0726142223643,76781.83249595476
GC=F+SI=F / GC=F+SOL-USD,11,2023-07-13,2023-09-11,up,expired,41,SI=F,BUY,1619.5262396319577,24.76799964904785,23.10300064086914,80224.85066965623,76793.33078265171,-3431.5198870045183,23.55272721784619,-3455.0726142223643,76781.83249595476
GC=F+SI=F / GC=F+SOL-USD,12,2023-09-11,2023-10-02,down,expired,15,GC=F,BUY,19.957960942714926,1923.300048828125,1830.0,76770.29451126685,87096.2546596617,10325.960148394855,24.579982375639283,10301.380166019217,87083.21266197397
GC=F+SI=F / GC=F+SOL-USD,12,2023-09-11,2023-10-02,down,expired,15,SOL-USD,BUY,2163.8642252705613,17.739166259765625,23.371700286865234,76770.29451126685,87096.2546596617,10325.960148394855,24.579982375639283,10301.380166019217,87083.21266197397
GC=F+SI=F / GC=F+SOL-USD,13,2023-10-02,2024-04-15,up,expired,134,GC=F,BUY,23.78965238877856,1830.0,2365.800048828125,87070.12774292953,115067.64100921756,27997.513266288046,30.320665312822058,27967.192600975224,115050.40526294919
GC=F+SI=F / GC=F+SOL-USD,13,2023-10-02,2024-04-15,up,expired,134,SI=F,BUY,2051.7986156164475,21.218000411987305,28.650999069213867,87070.12774292953,115067.64100921756,27997.513266288046,30.320665312822058,27967.192600975224,115050.40526294919
GC=F+SI=F / GC=F+SOL-USD,14,2024-04-15,2024-07-22,down,expired,67,GC=F,BUY,24.311674894697294,2365.800048828125,2392.0,115033.12330593672,132475.36692124302,17442.2436153063,37.12627353407696,17405.117341772224,132455.52260472142
GC=F+SI=F / GC=F+SOL-USD,14,2024-04-15,2024-07-22,down,expired,67,SOL-USD,BUY,415.25618512473415,138.5086212158203,178.97828674316406,115033.12330593672,132475.36692124302,17442.2436153063,37.12627353407696,17405.117341772224,132455.52260472142
GC=F+SI=F / GC=F+SOL-USD,15,2024-07-22,2024-08-05,up,expired,10,GC=F,BUY,27.683032460673584,2392.0,2401.699951171875,132435.62729186242,128047.71329644705,-4387.913995415363,39.07250108824641,-4426.98649650361,128028.53610821781
GC=F+SI=F / GC=F+SOL-USD,15,2024-07-22,2024-08-05,up,expired,10,SI=F,BUY,2273.6510231073134,29.124000549316406,27.076000213623047,132435.62729186242,128047.71329644705,-4387.913995415363,39.07250108824641,-4426.98649650361,128028.53610821781
GC=F+SI=F / GC=F+SOL-USD,16,2024-08-05,2024-10-21,down,expired,54,GC=F,BUY,26.649728206279757,2401.699951171875,2723.10009765625,128009.30186353167,154491.18034982184,26481.878486290167,42.37507233200302,26439.503413958162,154468.03952217597
GC=F+SI=F / GC=F+SOL-USD,16,2024-08-05,2024-10-21,down,expired,54,SOL-USD,BUY,492.85792294698547,129.8643035888672,166.2168731689453,128009.30186353167,154491.18034982184,26481.878486290167,42.37507233200302,26439.503413958162,154468.03952217597
GC=F+SI=F / GC=F+SOL-USD,17,2024-10-21,2024-12-27,up,expired,47,GC=F,BUY,28.358273830017826,2723.10009765625,2617.199951171875,154444.83647176845,141833.63707727793,-12611.199394490515,44.441771032356954,-12655.641165522871,141812.3983566531
GC=F+SI=F / GC=F+SOL-USD,17,2024-10-21,2024-12-27,up,expired,47,SI=F,BUY,2280.0324609159525,33.86899948120117,29.655000686645508,154444.83647176845,141833.63707727793,-12611.199394490515,44.441771032356954,-12655.641165522871,141812.3983566531
GC=F+SI=F / GC=F+SOL-USD,18,2024-12-27,2025-01-21,down,expired,15,GC=F,BUY,27.08831820700656,2617.199951171875,2755.0,141791.09017741156,171203.24551622733,29412.155338815744,46.94915035404583,29365.2061884617,171177.6045451148
GC=F+SI=F / GC=F+SOL-USD,18,2024-12-27,2025-01-21,down,expired,15,SOL-USD,BUY,385.661387450986,183.82847595214844,250.41378784179688,141791.09017741156,171203.24551622733,29412.155338815744,46.94915035404583,29365.2061884617,171177.6045451148
GC=F+SI=F / GC=F+SOL-USD,19,2025-01-21,2025-02-04,up,expired,10,GC=F,BUY,31.062048710461973,2755.0,2853.300048828125,171151.88839464547,178515.37941872881,7363.491024083343,52.45009017200614,7311.040933911337,178488.64547902613
GC=F+SI=F / GC=F+SOL-USD,19,2025-01-21,2025-02-04,up,expired,10,SI=F,BUY,2733.095140535969,31.31100082397461,32.88800048828125,171151.88839464547,178515.37941872881,7363.491024083343,52.45009017200614,7311.040933911337,178488.64547902613
GC=F+SI=F / GC=F+SOL-USD,20,2025-02-04,2025-05-08,down,expired,65,GC=F,BUY,31.27288153497825,2853.300048828125,3296.60009765625,178461.82882149922,173740.91224759776,-4720.916573901455,52.83041116036455,-4773.74698506182,173714.8984939643
GC=F+SI=F / GC=F+SOL-USD,20,2025-02-04,2025-05-08,down,expired,65,SOL-USD,BUY,430.8757607086723,207.09197998046875,163.96078491210938,178461.82882149922,173740.91224759776,-4720.916573901455,52.83041116036455,-4773.74698506182,173714.8984939643
GC=F+SI=F / GC=F+SOL-USD,21,2025-05-08,2025-06-18,up,expired,28,GC=F,BUY,26.34362505882648,3296.60009765625,3389.800048828125,173688.793883094,188181.75748762375,14492.96360452973,54.28058270560766,14438.683021824123,188153.58151578845
GC=F+SI=F / GC=F+SOL-USD,21,2025-05-08,2025-06-18,up,expired,28,SI=F,BUY,2682.2040077115016,32.37799835205078,36.86600112915039,173688.793883094,188181.75748762375,14492.96360452973,54.28058270560766,14438.683021824123,188153.58151578845
GC=F+SI=F / GC=F+SOL-USD,22,2025-06-18,2025-07-16,down,expired,19,GC=F,BUY,27.748732150072257,3389.800048828125,3352.5,188125.307194467,204671.85038140632,16546.543186939314,58.91957363638099,16487.623613302934,204641.2051290914
GC=F+SI=F / GC=F+SOL-USD,22,2025-06-18,2025-07-16,down,expired,19,SOL-USD,BUY,642.7102770783043,146.35311889648438,173.70848083496094,188125.307194467,204671.85038140632,16546.543186939314,58.91957363638099,16487.623613302934,204641.2051290914
GC=F+SI=F / GC=F+SOL-USD,23,2025-07-16,2025-09-25,up,expired,50,GC=F,BUY,30.516100437197395,3352.5,3736.89990234375,204610.45343140853,234838.09860942652,30227.645178017985,65.91728280612526,30161.72789521186,234802.93302430326
GC=F+SI=F / GC=F+SOL-USD,23,2025-07-16,2025-09-25,up,expired,50,SI=F,BUY,2702.6979363228425,37.85300064086914,44.696998596191406,204610.45343140853,234838.09860942652,30227.645178017985,65.91728280612526,30161.72789521186,234802.93302430326
GC=F+SI=F / GC=F+SOL-USD,24,2025-09-25,2026-01-23,down,expired,82,GC=F,BUY,31.412087371735158,3736.89990234375,4979.7001953125,234767.6524637009,234134.23356377677,-633.4188999241451,70.33528290412164,-703.7541828282667,234099.178841475
GC=F+SI=F / GC=F+SOL-USD,24,2025-09-25,2026-01-23,down,expired,82,SOL-USD,BUY,610.1640385399521,192.38076782226562,127.36157989501953,234767.6524637009,234134.23356377677,-633.4188999241451,70.33528290412164,-703.7541828282667,234099.178841475
